,model,type,var,importance
0,model_0_0,nested_full,cat1,1304
1,model_0_0,nested_full,cat2,1235
2,model_0_0,nested_full,cat3,683
3,model_0_0,nested_full,cat4,1048
4,model_0_0,nested_full,cat5,1189
5,model_0_0,nested_full,cat6,904
6,model_0_0,nested_full,cat7,492
7,model_0_0,nested_full,cat8,727
8,model_0_0,nested_full,cat9,1167
9,model_0_0,nested_full,cat10,863
10,model_0_0,nested_full,cat11,871
11,model_0_0,nested_full,cat12,1007
12,model_0_0,nested_full,cat13,909
13,model_0_0,nested_full,cat14,170
14,model_0_0,nested_full,cat15,0
15,model_0_0,nested_full,cat16,454
16,model_0_0,nested_full,cat17,179
17,model_0_0,nested_full,cat18,119
18,model_0_0,nested_full,cat19,154
19,model_0_0,nested_full,cat20,8
20,model_0_0,nested_full,cat21,149
21,model_0_0,nested_full,cat22,35
22,model_0_0,nested_full,cat23,1060
23,model_0_0,nested_full,cat24,656
24,model_0_0,nested_full,cat25,951
25,model_0_0,nested_full,cat26,763
26,model_0_0,nested_full,cat27,851
27,model_0_0,nested_full,cat28,651
28,model_0_0,nested_full,cat29,419
29,model_0_0,nested_full,cat30,528
30,model_0_0,nested_full,cat31,521
31,model_0_0,nested_full,cat32,121
32,model_0_0,nested_full,cat33,182
33,model_0_0,nested_full,cat34,65
34,model_0_0,nested_full,cat35,14
35,model_0_0,nested_full,cat36,1195
36,model_0_0,nested_full,cat37,912
37,model_0_0,nested_full,cat38,916
38,model_0_0,nested_full,cat39,736
39,model_0_0,nested_full,cat40,661
40,model_0_0,nested_full,cat41,691
41,model_0_0,nested_full,cat42,187
42,model_0_0,nested_full,cat43,328
43,model_0_0,nested_full,cat44,784
44,model_0_0,nested_full,cat45,406
45,model_0_0,nested_full,cat46,136
46,model_0_0,nested_full,cat47,55
47,model_0_0,nested_full,cat48,29
48,model_0_0,nested_full,cat49,468
49,model_0_0,nested_full,cat50,895
50,model_0_0,nested_full,cat51,152
51,model_0_0,nested_full,cat52,440
52,model_0_0,nested_full,cat53,726
53,model_0_0,nested_full,cat54,237
54,model_0_0,nested_full,cat55,20
55,model_0_0,nested_full,cat56,25
56,model_0_0,nested_full,cat57,474
57,model_0_0,nested_full,cat58,20
58,model_0_0,nested_full,cat59,44
59,model_0_0,nested_full,cat60,88
60,model_0_0,nested_full,cat61,122
61,model_0_0,nested_full,cat62,0
62,model_0_0,nested_full,cat63,18
63,model_0_0,nested_full,cat64,4
64,model_0_0,nested_full,cat65,218
65,model_0_0,nested_full,cat66,551
66,model_0_0,nested_full,cat67,123
67,model_0_0,nested_full,cat68,26
68,model_0_0,nested_full,cat69,11
69,model_0_0,nested_full,cat70,0
70,model_0_0,nested_full,cat71,152
71,model_0_0,nested_full,cat72,1766
72,model_0_0,nested_full,cat73,1123
73,model_0_0,nested_full,cat74,234
74,model_0_0,nested_full,cat75,1148
75,model_0_0,nested_full,cat76,813
76,model_0_0,nested_full,cat77,171
77,model_0_0,nested_full,cat78,243
78,model_0_0,nested_full,cat79,2188
79,model_0_0,nested_full,cat80,1870
80,model_0_0,nested_full,cat81,2615
81,model_0_0,nested_full,cat82,1021
82,model_0_0,nested_full,cat83,924
83,model_0_0,nested_full,cat84,1634
84,model_0_0,nested_full,cat85,299
85,model_0_0,nested_full,cat86,629
86,model_0_0,nested_full,cat87,2315
87,model_0_0,nested_full,cat88,311
88,model_0_0,nested_full,cat89,164
89,model_0_0,nested_full,cat90,253
90,model_0_0,nested_full,cat91,1554
91,model_0_0,nested_full,cat92,305
92,model_0_0,nested_full,cat93,517
93,model_0_0,nested_full,cat94,506
94,model_0_0,nested_full,cat95,194
95,model_0_0,nested_full,cat96,70
96,model_0_0,nested_full,cat97,537
97,model_0_0,nested_full,cat98,173
98,model_0_0,nested_full,cat99,1177
99,model_0_0,nested_full,cat100,7826
100,model_0_0,nested_full,cat101,5929
101,model_0_0,nested_full,cat102,345
102,model_0_0,nested_full,cat103,2141
103,model_0_0,nested_full,cat104,2462
104,model_0_0,nested_full,cat105,1618
105,model_0_0,nested_full,cat106,3001
106,model_0_0,nested_full,cat107,4373
107,model_0_0,nested_full,cat108,2550
108,model_0_0,nested_full,cat109,1272
109,model_0_0,nested_full,cat110,10533
110,model_0_0,nested_full,cat111,2437
111,model_0_0,nested_full,cat112,16123
112,model_0_0,nested_full,cat113,12040
113,model_0_0,nested_full,cat114,2420
114,model_0_0,nested_full,cat115,4694
115,model_0_0,nested_full,cat116,16984
116,model_0_0,nested_full,cont1,7773
117,model_0_0,nested_full,cont2,7519
118,model_0_0,nested_full,cont3,6919
119,model_0_0,nested_full,cont4,6036
120,model_0_0,nested_full,cont5,7299
121,model_0_0,nested_full,cont6,8812
122,model_0_0,nested_full,cont7,10672
123,model_0_0,nested_full,cont8,7949
124,model_0_0,nested_full,cont9,6284
125,model_0_0,nested_full,cont10,6269
126,model_0_0,nested_full,cont11,6570
127,model_0_0,nested_full,cont12,6374
128,model_0_0,nested_full,cont13,8239
129,model_0_0,nested_full,cont14,15148
0,model_0_1,nested_full,cat1,1497
1,model_0_1,nested_full,cat2,1420
2,model_0_1,nested_full,cat3,750
3,model_0_1,nested_full,cat4,1450
4,model_0_1,nested_full,cat5,1401
5,model_0_1,nested_full,cat6,1031
6,model_0_1,nested_full,cat7,578
7,model_0_1,nested_full,cat8,731
8,model_0_1,nested_full,cat9,1309
9,model_0_1,nested_full,cat10,1016
10,model_0_1,nested_full,cat11,970
11,model_0_1,nested_full,cat12,1178
12,model_0_1,nested_full,cat13,1136
13,model_0_1,nested_full,cat14,210
14,model_0_1,nested_full,cat15,0
15,model_0_1,nested_full,cat16,537
16,model_0_1,nested_full,cat17,107
17,model_0_1,nested_full,cat18,136
18,model_0_1,nested_full,cat19,124
19,model_0_1,nested_full,cat20,8
20,model_0_1,nested_full,cat21,73
21,model_0_1,nested_full,cat22,0
22,model_0_1,nested_full,cat23,1276
23,model_0_1,nested_full,cat24,505
24,model_0_1,nested_full,cat25,965
25,model_0_1,nested_full,cat26,752
26,model_0_1,nested_full,cat27,877
27,model_0_1,nested_full,cat28,577
28,model_0_1,nested_full,cat29,394
29,model_0_1,nested_full,cat30,285
30,model_0_1,nested_full,cat31,543
31,model_0_1,nested_full,cat32,124
32,model_0_1,nested_full,cat33,132
33,model_0_1,nested_full,cat34,71
34,model_0_1,nested_full,cat35,27
35,model_0_1,nested_full,cat36,1304
36,model_0_1,nested_full,cat37,1071
37,model_0_1,nested_full,cat38,1079
38,model_0_1,nested_full,cat39,409
39,model_0_1,nested_full,cat40,742
40,model_0_1,nested_full,cat41,547
41,model_0_1,nested_full,cat42,187
42,model_0_1,nested_full,cat43,343
43,model_0_1,nested_full,cat44,809
44,model_0_1,nested_full,cat45,458
45,model_0_1,nested_full,cat46,91
46,model_0_1,nested_full,cat47,62
47,model_0_1,nested_full,cat48,14
48,model_0_1,nested_full,cat49,508
49,model_0_1,nested_full,cat50,910
50,model_0_1,nested_full,cat51,175
51,model_0_1,nested_full,cat52,562
52,model_0_1,nested_full,cat53,804
53,model_0_1,nested_full,cat54,335
54,model_0_1,nested_full,cat55,31
55,model_0_1,nested_full,cat56,32
56,model_0_1,nested_full,cat57,544
57,model_0_1,nested_full,cat58,48
58,model_0_1,nested_full,cat59,29
59,model_0_1,nested_full,cat60,73
60,model_0_1,nested_full,cat61,123
61,model_0_1,nested_full,cat62,0
62,model_0_1,nested_full,cat63,45
63,model_0_1,nested_full,cat64,1
64,model_0_1,nested_full,cat65,227
65,model_0_1,nested_full,cat66,607
66,model_0_1,nested_full,cat67,122
67,model_0_1,nested_full,cat68,4
68,model_0_1,nested_full,cat69,19
69,model_0_1,nested_full,cat70,0
70,model_0_1,nested_full,cat71,223
71,model_0_1,nested_full,cat72,1920
72,model_0_1,nested_full,cat73,1296
73,model_0_1,nested_full,cat74,301
74,model_0_1,nested_full,cat75,1306
75,model_0_1,nested_full,cat76,855
76,model_0_1,nested_full,cat77,191
77,model_0_1,nested_full,cat78,275
78,model_0_1,nested_full,cat79,2000
79,model_0_1,nested_full,cat80,1782
80,model_0_1,nested_full,cat81,2444
81,model_0_1,nested_full,cat82,1056
82,model_0_1,nested_full,cat83,1032
83,model_0_1,nested_full,cat84,1732
84,model_0_1,nested_full,cat85,313
85,model_0_1,nested_full,cat86,596
86,model_0_1,nested_full,cat87,2394
87,model_0_1,nested_full,cat88,344
88,model_0_1,nested_full,cat89,136
89,model_0_1,nested_full,cat90,230
90,model_0_1,nested_full,cat91,1594
91,model_0_1,nested_full,cat92,360
92,model_0_1,nested_full,cat93,542
93,model_0_1,nested_full,cat94,484
94,model_0_1,nested_full,cat95,246
95,model_0_1,nested_full,cat96,70
96,model_0_1,nested_full,cat97,534
97,model_0_1,nested_full,cat98,225
98,model_0_1,nested_full,cat99,1271
99,model_0_1,nested_full,cat100,7515
100,model_0_1,nested_full,cat101,6237
101,model_0_1,nested_full,cat102,324
102,model_0_1,nested_full,cat103,2205
103,model_0_1,nested_full,cat104,2581
104,model_0_1,nested_full,cat105,1586
105,model_0_1,nested_full,cat106,2880
106,model_0_1,nested_full,cat107,4572
107,model_0_1,nested_full,cat108,2559
108,model_0_1,nested_full,cat109,1247
109,model_0_1,nested_full,cat110,10076
110,model_0_1,nested_full,cat111,2185
111,model_0_1,nested_full,cat112,14789
112,model_0_1,nested_full,cat113,11128
113,model_0_1,nested_full,cat114,2740
114,model_0_1,nested_full,cat115,4944
115,model_0_1,nested_full,cat116,16502
116,model_0_1,nested_full,cont1,8638
117,model_0_1,nested_full,cont2,8514
118,model_0_1,nested_full,cont3,7458
119,model_0_1,nested_full,cont4,6705
120,model_0_1,nested_full,cont5,7592
121,model_0_1,nested_full,cont6,8711
122,model_0_1,nested_full,cont7,12768
123,model_0_1,nested_full,cont8,8113
124,model_0_1,nested_full,cont9,7075
125,model_0_1,nested_full,cont10,6885
126,model_0_1,nested_full,cont11,7105
127,model_0_1,nested_full,cont12,6194
128,model_0_1,nested_full,cont13,8491
129,model_0_1,nested_full,cont14,16426
0,model_0_2,nested_full,cat1,1103
1,model_0_2,nested_full,cat2,944
2,model_0_2,nested_full,cat3,540
3,model_0_2,nested_full,cat4,1078
4,model_0_2,nested_full,cat5,1046
5,model_0_2,nested_full,cat6,754
6,model_0_2,nested_full,cat7,410
7,model_0_2,nested_full,cat8,560
8,model_0_2,nested_full,cat9,999
9,model_0_2,nested_full,cat10,782
10,model_0_2,nested_full,cat11,693
11,model_0_2,nested_full,cat12,878
12,model_0_2,nested_full,cat13,783
13,model_0_2,nested_full,cat14,123
14,model_0_2,nested_full,cat15,0
15,model_0_2,nested_full,cat16,425
16,model_0_2,nested_full,cat17,167
17,model_0_2,nested_full,cat18,94
18,model_0_2,nested_full,cat19,143
19,model_0_2,nested_full,cat20,8
20,model_0_2,nested_full,cat21,148
21,model_0_2,nested_full,cat22,42
22,model_0_2,nested_full,cat23,801
23,model_0_2,nested_full,cat24,359
24,model_0_2,nested_full,cat25,748
25,model_0_2,nested_full,cat26,614
26,model_0_2,nested_full,cat27,723
27,model_0_2,nested_full,cat28,432
28,model_0_2,nested_full,cat29,313
29,model_0_2,nested_full,cat30,258
30,model_0_2,nested_full,cat31,381
31,model_0_2,nested_full,cat32,92
32,model_0_2,nested_full,cat33,67
33,model_0_2,nested_full,cat34,31
34,model_0_2,nested_full,cat35,19
35,model_0_2,nested_full,cat36,1006
36,model_0_2,nested_full,cat37,745
37,model_0_2,nested_full,cat38,877
38,model_0_2,nested_full,cat39,467
39,model_0_2,nested_full,cat40,543
40,model_0_2,nested_full,cat41,588
41,model_0_2,nested_full,cat42,190
42,model_0_2,nested_full,cat43,343
43,model_0_2,nested_full,cat44,720
44,model_0_2,nested_full,cat45,371
45,model_0_2,nested_full,cat46,84
46,model_0_2,nested_full,cat47,29
47,model_0_2,nested_full,cat48,36
48,model_0_2,nested_full,cat49,420
49,model_0_2,nested_full,cat50,782
50,model_0_2,nested_full,cat51,102
51,model_0_2,nested_full,cat52,402
52,model_0_2,nested_full,cat53,730
53,model_0_2,nested_full,cat54,346
54,model_0_2,nested_full,cat55,32
55,model_0_2,nested_full,cat56,13
56,model_0_2,nested_full,cat57,483
57,model_0_2,nested_full,cat58,7
58,model_0_2,nested_full,cat59,19
59,model_0_2,nested_full,cat60,56
60,model_0_2,nested_full,cat61,136
61,model_0_2,nested_full,cat62,0
62,model_0_2,nested_full,cat63,7
63,model_0_2,nested_full,cat64,1
64,model_0_2,nested_full,cat65,199
65,model_0_2,nested_full,cat66,486
66,model_0_2,nested_full,cat67,83
67,model_0_2,nested_full,cat68,87
68,model_0_2,nested_full,cat69,13
69,model_0_2,nested_full,cat70,0
70,model_0_2,nested_full,cat71,130
71,model_0_2,nested_full,cat72,1584
72,model_0_2,nested_full,cat73,962
73,model_0_2,nested_full,cat74,198
74,model_0_2,nested_full,cat75,973
75,model_0_2,nested_full,cat76,517
76,model_0_2,nested_full,cat77,207
77,model_0_2,nested_full,cat78,280
78,model_0_2,nested_full,cat79,1799
79,model_0_2,nested_full,cat80,1563
80,model_0_2,nested_full,cat81,2007
81,model_0_2,nested_full,cat82,845
82,model_0_2,nested_full,cat83,802
83,model_0_2,nested_full,cat84,1378
84,model_0_2,nested_full,cat85,332
85,model_0_2,nested_full,cat86,440
86,model_0_2,nested_full,cat87,1870
87,model_0_2,nested_full,cat88,264
88,model_0_2,nested_full,cat89,98
89,model_0_2,nested_full,cat90,213
90,model_0_2,nested_full,cat91,1310
91,model_0_2,nested_full,cat92,302
92,model_0_2,nested_full,cat93,484
93,model_0_2,nested_full,cat94,363
94,model_0_2,nested_full,cat95,156
95,model_0_2,nested_full,cat96,43
96,model_0_2,nested_full,cat97,420
97,model_0_2,nested_full,cat98,110
98,model_0_2,nested_full,cat99,992
99,model_0_2,nested_full,cat100,6509
100,model_0_2,nested_full,cat101,5496
101,model_0_2,nested_full,cat102,260
102,model_0_2,nested_full,cat103,2011
103,model_0_2,nested_full,cat104,1834
104,model_0_2,nested_full,cat105,1389
105,model_0_2,nested_full,cat106,2514
106,model_0_2,nested_full,cat107,3612
107,model_0_2,nested_full,cat108,2090
108,model_0_2,nested_full,cat109,1209
109,model_0_2,nested_full,cat110,9485
110,model_0_2,nested_full,cat111,1769
111,model_0_2,nested_full,cat112,13823
112,model_0_2,nested_full,cat113,10301
113,model_0_2,nested_full,cat114,2453
114,model_0_2,nested_full,cat115,4066
115,model_0_2,nested_full,cat116,15552
116,model_0_2,nested_full,cont1,5604
117,model_0_2,nested_full,cont2,5900
118,model_0_2,nested_full,cont3,5635
119,model_0_2,nested_full,cont4,4483
120,model_0_2,nested_full,cont5,5173
121,model_0_2,nested_full,cont6,6464
122,model_0_2,nested_full,cont7,8802
123,model_0_2,nested_full,cont8,6007
124,model_0_2,nested_full,cont9,4531
125,model_0_2,nested_full,cont10,4643
126,model_0_2,nested_full,cont11,5290
127,model_0_2,nested_full,cont12,4517
128,model_0_2,nested_full,cont13,6221
129,model_0_2,nested_full,cont14,12448
0,model_1_0,nested_full,cat1,1277
1,model_1_0,nested_full,cat2,1140
2,model_1_0,nested_full,cat3,704
3,model_1_0,nested_full,cat4,1235
4,model_1_0,nested_full,cat5,1161
5,model_1_0,nested_full,cat6,875
6,model_1_0,nested_full,cat7,544
7,model_1_0,nested_full,cat8,636
8,model_1_0,nested_full,cat9,1213
9,model_1_0,nested_full,cat10,907
10,model_1_0,nested_full,cat11,907
11,model_1_0,nested_full,cat12,991
12,model_1_0,nested_full,cat13,908
13,model_1_0,nested_full,cat14,171
14,model_1_0,nested_full,cat15,0
15,model_1_0,nested_full,cat16,446
16,model_1_0,nested_full,cat17,127
17,model_1_0,nested_full,cat18,108
18,model_1_0,nested_full,cat19,150
19,model_1_0,nested_full,cat20,20
20,model_1_0,nested_full,cat21,104
21,model_1_0,nested_full,cat22,0
22,model_1_0,nested_full,cat23,1088
23,model_1_0,nested_full,cat24,457
24,model_1_0,nested_full,cat25,883
25,model_1_0,nested_full,cat26,691
26,model_1_0,nested_full,cat27,782
27,model_1_0,nested_full,cat28,544
28,model_1_0,nested_full,cat29,359
29,model_1_0,nested_full,cat30,273
30,model_1_0,nested_full,cat31,422
31,model_1_0,nested_full,cat32,120
32,model_1_0,nested_full,cat33,167
33,model_1_0,nested_full,cat34,40
34,model_1_0,nested_full,cat35,38
35,model_1_0,nested_full,cat36,1155
36,model_1_0,nested_full,cat37,961
37,model_1_0,nested_full,cat38,972
38,model_1_0,nested_full,cat39,459
39,model_1_0,nested_full,cat40,742
40,model_1_0,nested_full,cat41,640
41,model_1_0,nested_full,cat42,205
42,model_1_0,nested_full,cat43,400
43,model_1_0,nested_full,cat44,796
44,model_1_0,nested_full,cat45,399
45,model_1_0,nested_full,cat46,70
46,model_1_0,nested_full,cat47,71
47,model_1_0,nested_full,cat48,23
48,model_1_0,nested_full,cat49,509
49,model_1_0,nested_full,cat50,824
50,model_1_0,nested_full,cat51,126
51,model_1_0,nested_full,cat52,425
52,model_1_0,nested_full,cat53,710
53,model_1_0,nested_full,cat54,273
54,model_1_0,nested_full,cat55,37
55,model_1_0,nested_full,cat56,17
56,model_1_0,nested_full,cat57,472
57,model_1_0,nested_full,cat58,28
58,model_1_0,nested_full,cat59,23
59,model_1_0,nested_full,cat60,48
60,model_1_0,nested_full,cat61,123
61,model_1_0,nested_full,cat62,0
62,model_1_0,nested_full,cat63,10
63,model_1_0,nested_full,cat64,17
64,model_1_0,nested_full,cat65,203
65,model_1_0,nested_full,cat66,539
66,model_1_0,nested_full,cat67,96
67,model_1_0,nested_full,cat68,9
68,model_1_0,nested_full,cat69,15
69,model_1_0,nested_full,cat70,0
70,model_1_0,nested_full,cat71,174
71,model_1_0,nested_full,cat72,1673
72,model_1_0,nested_full,cat73,1162
73,model_1_0,nested_full,cat74,251
74,model_1_0,nested_full,cat75,1167
75,model_1_0,nested_full,cat76,689
76,model_1_0,nested_full,cat77,159
77,model_1_0,nested_full,cat78,258
78,model_1_0,nested_full,cat79,1858
79,model_1_0,nested_full,cat80,1651
80,model_1_0,nested_full,cat81,2204
81,model_1_0,nested_full,cat82,984
82,model_1_0,nested_full,cat83,895
83,model_1_0,nested_full,cat84,1561
84,model_1_0,nested_full,cat85,308
85,model_1_0,nested_full,cat86,487
86,model_1_0,nested_full,cat87,2270
87,model_1_0,nested_full,cat88,269
88,model_1_0,nested_full,cat89,141
89,model_1_0,nested_full,cat90,244
90,model_1_0,nested_full,cat91,1472
91,model_1_0,nested_full,cat92,307
92,model_1_0,nested_full,cat93,530
93,model_1_0,nested_full,cat94,447
94,model_1_0,nested_full,cat95,197
95,model_1_0,nested_full,cat96,68
96,model_1_0,nested_full,cat97,434
97,model_1_0,nested_full,cat98,163
98,model_1_0,nested_full,cat99,1200
99,model_1_0,nested_full,cat100,7356
100,model_1_0,nested_full,cat101,6251
101,model_1_0,nested_full,cat102,313
102,model_1_0,nested_full,cat103,2350
103,model_1_0,nested_full,cat104,2293
104,model_1_0,nested_full,cat105,1558
105,model_1_0,nested_full,cat106,2660
106,model_1_0,nested_full,cat107,4048
107,model_1_0,nested_full,cat108,2337
108,model_1_0,nested_full,cat109,1264
109,model_1_0,nested_full,cat110,10029
110,model_1_0,nested_full,cat111,2234
111,model_1_0,nested_full,cat112,14221
112,model_1_0,nested_full,cat113,10900
113,model_1_0,nested_full,cat114,2527
114,model_1_0,nested_full,cat115,4508
115,model_1_0,nested_full,cat116,16830
116,model_1_0,nested_full,cont1,7474
117,model_1_0,nested_full,cont2,7093
118,model_1_0,nested_full,cont3,6091
119,model_1_0,nested_full,cont4,5283
120,model_1_0,nested_full,cont5,6303
121,model_1_0,nested_full,cont6,7188
122,model_1_0,nested_full,cont7,10533
123,model_1_0,nested_full,cont8,6945
124,model_1_0,nested_full,cont9,5813
125,model_1_0,nested_full,cont10,6016
126,model_1_0,nested_full,cont11,6028
127,model_1_0,nested_full,cont12,5232
128,model_1_0,nested_full,cont13,7221
129,model_1_0,nested_full,cont14,14401
0,model_1_1,nested_full,cat1,452
1,model_1_1,nested_full,cat2,350
2,model_1_1,nested_full,cat3,137
3,model_1_1,nested_full,cat4,347
4,model_1_1,nested_full,cat5,391
5,model_1_1,nested_full,cat6,278
6,model_1_1,nested_full,cat7,186
7,model_1_1,nested_full,cat8,100
8,model_1_1,nested_full,cat9,307
9,model_1_1,nested_full,cat10,353
10,model_1_1,nested_full,cat11,258
11,model_1_1,nested_full,cat12,371
12,model_1_1,nested_full,cat13,344
13,model_1_1,nested_full,cat14,28
14,model_1_1,nested_full,cat15,0
15,model_1_1,nested_full,cat16,85
16,model_1_1,nested_full,cat17,41
17,model_1_1,nested_full,cat18,15
18,model_1_1,nested_full,cat19,30
19,model_1_1,nested_full,cat20,0
20,model_1_1,nested_full,cat21,47
21,model_1_1,nested_full,cat22,4
22,model_1_1,nested_full,cat23,340
23,model_1_1,nested_full,cat24,174
24,model_1_1,nested_full,cat25,373
25,model_1_1,nested_full,cat26,334
26,model_1_1,nested_full,cat27,326
27,model_1_1,nested_full,cat28,149
28,model_1_1,nested_full,cat29,86
29,model_1_1,nested_full,cat30,108
30,model_1_1,nested_full,cat31,202
31,model_1_1,nested_full,cat32,65
32,model_1_1,nested_full,cat33,13
33,model_1_1,nested_full,cat34,13
34,model_1_1,nested_full,cat35,5
35,model_1_1,nested_full,cat36,342
36,model_1_1,nested_full,cat37,377
37,model_1_1,nested_full,cat38,418
38,model_1_1,nested_full,cat39,216
39,model_1_1,nested_full,cat40,95
40,model_1_1,nested_full,cat41,227
41,model_1_1,nested_full,cat42,108
42,model_1_1,nested_full,cat43,241
43,model_1_1,nested_full,cat44,410
44,model_1_1,nested_full,cat45,105
45,model_1_1,nested_full,cat46,25
46,model_1_1,nested_full,cat47,0
47,model_1_1,nested_full,cat48,6
48,model_1_1,nested_full,cat49,201
49,model_1_1,nested_full,cat50,281
50,model_1_1,nested_full,cat51,65
51,model_1_1,nested_full,cat52,175
52,model_1_1,nested_full,cat53,355
53,model_1_1,nested_full,cat54,147
54,model_1_1,nested_full,cat55,13
55,model_1_1,nested_full,cat56,13
56,model_1_1,nested_full,cat57,247
57,model_1_1,nested_full,cat58,1
58,model_1_1,nested_full,cat59,1
59,model_1_1,nested_full,cat60,54
60,model_1_1,nested_full,cat61,74
61,model_1_1,nested_full,cat62,0
62,model_1_1,nested_full,cat63,8
63,model_1_1,nested_full,cat64,0
64,model_1_1,nested_full,cat65,81
65,model_1_1,nested_full,cat66,80
66,model_1_1,nested_full,cat67,78
67,model_1_1,nested_full,cat68,8
68,model_1_1,nested_full,cat69,0
69,model_1_1,nested_full,cat70,0
70,model_1_1,nested_full,cat71,17
71,model_1_1,nested_full,cat72,546
72,model_1_1,nested_full,cat73,450
73,model_1_1,nested_full,cat74,75
74,model_1_1,nested_full,cat75,299
75,model_1_1,nested_full,cat76,250
76,model_1_1,nested_full,cat77,100
77,model_1_1,nested_full,cat78,72
78,model_1_1,nested_full,cat79,1175
79,model_1_1,nested_full,cat80,1099
80,model_1_1,nested_full,cat81,1324
81,model_1_1,nested_full,cat82,967
82,model_1_1,nested_full,cat83,907
83,model_1_1,nested_full,cat84,719
84,model_1_1,nested_full,cat85,115
85,model_1_1,nested_full,cat86,82
86,model_1_1,nested_full,cat87,1017
87,model_1_1,nested_full,cat88,34
88,model_1_1,nested_full,cat89,101
89,model_1_1,nested_full,cat90,244
90,model_1_1,nested_full,cat91,1382
91,model_1_1,nested_full,cat92,246
92,model_1_1,nested_full,cat93,514
93,model_1_1,nested_full,cat94,395
94,model_1_1,nested_full,cat95,134
95,model_1_1,nested_full,cat96,46
96,model_1_1,nested_full,cat97,453
97,model_1_1,nested_full,cat98,132
98,model_1_1,nested_full,cat99,1122
99,model_1_1,nested_full,cat100,7393
100,model_1_1,nested_full,cat101,5360
101,model_1_1,nested_full,cat102,306
102,model_1_1,nested_full,cat103,2137
103,model_1_1,nested_full,cat104,2244
104,model_1_1,nested_full,cat105,1623
105,model_1_1,nested_full,cat106,2943
106,model_1_1,nested_full,cat107,4171
107,model_1_1,nested_full,cat108,2307
108,model_1_1,nested_full,cat109,1330
109,model_1_1,nested_full,cat110,9033
110,model_1_1,nested_full,cat111,2021
111,model_1_1,nested_full,cat112,13691
112,model_1_1,nested_full,cat113,10543
113,model_1_1,nested_full,cat114,2916
114,model_1_1,nested_full,cat115,4368
115,model_1_1,nested_full,cat116,14592
116,model_1_1,nested_full,cont1,3335
117,model_1_1,nested_full,cont2,4047
118,model_1_1,nested_full,cont3,2973
119,model_1_1,nested_full,cont4,2454
120,model_1_1,nested_full,cont5,3333
121,model_1_1,nested_full,cont6,3845
122,model_1_1,nested_full,cont7,4831
123,model_1_1,nested_full,cont8,3528
124,model_1_1,nested_full,cont9,2610
125,model_1_1,nested_full,cont10,2679
126,model_1_1,nested_full,cont11,2776
127,model_1_1,nested_full,cont12,2727
128,model_1_1,nested_full,cont13,3490
129,model_1_1,nested_full,cont14,7528
0,model_1_2,nested_full,cat1,968
1,model_1_2,nested_full,cat2,924
2,model_1_2,nested_full,cat3,469
3,model_1_2,nested_full,cat4,1024
4,model_1_2,nested_full,cat5,895
5,model_1_2,nested_full,cat6,738
6,model_1_2,nested_full,cat7,507
7,model_1_2,nested_full,cat8,552
8,model_1_2,nested_full,cat9,1011
9,model_1_2,nested_full,cat10,762
10,model_1_2,nested_full,cat11,625
11,model_1_2,nested_full,cat12,775
12,model_1_2,nested_full,cat13,727
13,model_1_2,nested_full,cat14,134
14,model_1_2,nested_full,cat15,1
15,model_1_2,nested_full,cat16,333
16,model_1_2,nested_full,cat17,141
17,model_1_2,nested_full,cat18,87
18,model_1_2,nested_full,cat19,90
19,model_1_2,nested_full,cat20,13
20,model_1_2,nested_full,cat21,113
21,model_1_2,nested_full,cat22,19
22,model_1_2,nested_full,cat23,789
23,model_1_2,nested_full,cat24,309
24,model_1_2,nested_full,cat25,686
25,model_1_2,nested_full,cat26,536
26,model_1_2,nested_full,cat27,615
27,model_1_2,nested_full,cat28,392
28,model_1_2,nested_full,cat29,290
29,model_1_2,nested_full,cat30,215
30,model_1_2,nested_full,cat31,343
31,model_1_2,nested_full,cat32,113
32,model_1_2,nested_full,cat33,56
33,model_1_2,nested_full,cat34,36
34,model_1_2,nested_full,cat35,12
35,model_1_2,nested_full,cat36,990
36,model_1_2,nested_full,cat37,794
37,model_1_2,nested_full,cat38,881
38,model_1_2,nested_full,cat39,628
39,model_1_2,nested_full,cat40,659
40,model_1_2,nested_full,cat41,699
41,model_1_2,nested_full,cat42,160
42,model_1_2,nested_full,cat43,397
43,model_1_2,nested_full,cat44,710
44,model_1_2,nested_full,cat45,451
45,model_1_2,nested_full,cat46,81
46,model_1_2,nested_full,cat47,57
47,model_1_2,nested_full,cat48,18
48,model_1_2,nested_full,cat49,366
49,model_1_2,nested_full,cat50,674
50,model_1_2,nested_full,cat51,105
51,model_1_2,nested_full,cat52,363
52,model_1_2,nested_full,cat53,623
53,model_1_2,nested_full,cat54,262
54,model_1_2,nested_full,cat55,30
55,model_1_2,nested_full,cat56,10
56,model_1_2,nested_full,cat57,521
57,model_1_2,nested_full,cat58,11
58,model_1_2,nested_full,cat59,26
59,model_1_2,nested_full,cat60,88
60,model_1_2,nested_full,cat61,182
61,model_1_2,nested_full,cat62,0
62,model_1_2,nested_full,cat63,5
63,model_1_2,nested_full,cat64,0
64,model_1_2,nested_full,cat65,216
65,model_1_2,nested_full,cat66,392
66,model_1_2,nested_full,cat67,98
67,model_1_2,nested_full,cat68,22
68,model_1_2,nested_full,cat69,18
69,model_1_2,nested_full,cat70,0
70,model_1_2,nested_full,cat71,129
71,model_1_2,nested_full,cat72,1483
72,model_1_2,nested_full,cat73,850
73,model_1_2,nested_full,cat74,209
74,model_1_2,nested_full,cat75,892
75,model_1_2,nested_full,cat76,476
76,model_1_2,nested_full,cat77,124
77,model_1_2,nested_full,cat78,182
78,model_1_2,nested_full,cat79,1382
79,model_1_2,nested_full,cat80,1364
80,model_1_2,nested_full,cat81,2261
81,model_1_2,nested_full,cat82,790
82,model_1_2,nested_full,cat83,758
83,model_1_2,nested_full,cat84,1227
84,model_1_2,nested_full,cat85,225
85,model_1_2,nested_full,cat86,405
86,model_1_2,nested_full,cat87,1697
87,model_1_2,nested_full,cat88,241
88,model_1_2,nested_full,cat89,307
89,model_1_2,nested_full,cat90,173
90,model_1_2,nested_full,cat91,1241
91,model_1_2,nested_full,cat92,251
92,model_1_2,nested_full,cat93,414
93,model_1_2,nested_full,cat94,310
94,model_1_2,nested_full,cat95,168
95,model_1_2,nested_full,cat96,44
96,model_1_2,nested_full,cat97,384
97,model_1_2,nested_full,cat98,114
98,model_1_2,nested_full,cat99,1032
99,model_1_2,nested_full,cat100,5904
100,model_1_2,nested_full,cat101,4810
101,model_1_2,nested_full,cat102,278
102,model_1_2,nested_full,cat103,2062
103,model_1_2,nested_full,cat104,1906
104,model_1_2,nested_full,cat105,1382
105,model_1_2,nested_full,cat106,2272
106,model_1_2,nested_full,cat107,3258
107,model_1_2,nested_full,cat108,2157
108,model_1_2,nested_full,cat109,947
109,model_1_2,nested_full,cat110,8426
110,model_1_2,nested_full,cat111,1619
111,model_1_2,nested_full,cat112,12352
112,model_1_2,nested_full,cat113,9495
113,model_1_2,nested_full,cat114,1865
114,model_1_2,nested_full,cat115,3644
115,model_1_2,nested_full,cat116,13957
116,model_1_2,nested_full,cont1,5320
117,model_1_2,nested_full,cont2,5687
118,model_1_2,nested_full,cont3,5291
119,model_1_2,nested_full,cont4,4071
120,model_1_2,nested_full,cont5,4829
121,model_1_2,nested_full,cont6,6140
122,model_1_2,nested_full,cont7,7940
123,model_1_2,nested_full,cont8,5759
124,model_1_2,nested_full,cont9,4278
125,model_1_2,nested_full,cont10,4232
126,model_1_2,nested_full,cont11,5235
127,model_1_2,nested_full,cont12,4450
128,model_1_2,nested_full,cont13,6008
129,model_1_2,nested_full,cont14,11749
0,model_2_0,nested_full,cat1,996
1,model_2_0,nested_full,cat2,984
2,model_2_0,nested_full,cat3,375
3,model_2_0,nested_full,cat4,990
4,model_2_0,nested_full,cat5,1045
5,model_2_0,nested_full,cat6,692
6,model_2_0,nested_full,cat7,269
7,model_2_0,nested_full,cat8,277
8,model_2_0,nested_full,cat9,956
9,model_2_0,nested_full,cat10,651
10,model_2_0,nested_full,cat11,525
11,model_2_0,nested_full,cat12,707
12,model_2_0,nested_full,cat13,529
13,model_2_0,nested_full,cat14,49
14,model_2_0,nested_full,cat15,0
15,model_2_0,nested_full,cat16,227
16,model_2_0,nested_full,cat17,54
17,model_2_0,nested_full,cat18,32
18,model_2_0,nested_full,cat19,61
19,model_2_0,nested_full,cat20,4
20,model_2_0,nested_full,cat21,53
21,model_2_0,nested_full,cat22,0
22,model_2_0,nested_full,cat23,776
23,model_2_0,nested_full,cat24,259
24,model_2_0,nested_full,cat25,537
25,model_2_0,nested_full,cat26,449
26,model_2_0,nested_full,cat27,532
27,model_2_0,nested_full,cat28,274
28,model_2_0,nested_full,cat29,207
29,model_2_0,nested_full,cat30,126
30,model_2_0,nested_full,cat31,294
31,model_2_0,nested_full,cat32,69
32,model_2_0,nested_full,cat33,35
33,model_2_0,nested_full,cat34,30
34,model_2_0,nested_full,cat35,25
35,model_2_0,nested_full,cat36,822
36,model_2_0,nested_full,cat37,749
37,model_2_0,nested_full,cat38,658
38,model_2_0,nested_full,cat39,240
39,model_2_0,nested_full,cat40,337
40,model_2_0,nested_full,cat41,327
41,model_2_0,nested_full,cat42,152
42,model_2_0,nested_full,cat43,165
43,model_2_0,nested_full,cat44,604
44,model_2_0,nested_full,cat45,285
45,model_2_0,nested_full,cat46,20
46,model_2_0,nested_full,cat47,41
47,model_2_0,nested_full,cat48,17
48,model_2_0,nested_full,cat49,300
49,model_2_0,nested_full,cat50,623
50,model_2_0,nested_full,cat51,61
51,model_2_0,nested_full,cat52,309
52,model_2_0,nested_full,cat53,519
53,model_2_0,nested_full,cat54,190
54,model_2_0,nested_full,cat55,10
55,model_2_0,nested_full,cat56,30
56,model_2_0,nested_full,cat57,337
57,model_2_0,nested_full,cat58,4
58,model_2_0,nested_full,cat59,2
59,model_2_0,nested_full,cat60,48
60,model_2_0,nested_full,cat61,79
61,model_2_0,nested_full,cat62,0
62,model_2_0,nested_full,cat63,0
63,model_2_0,nested_full,cat64,0
64,model_2_0,nested_full,cat65,98
65,model_2_0,nested_full,cat66,274
66,model_2_0,nested_full,cat67,85
67,model_2_0,nested_full,cat68,0
68,model_2_0,nested_full,cat69,8
69,model_2_0,nested_full,cat70,0
70,model_2_0,nested_full,cat71,75
71,model_2_0,nested_full,cat72,1450
72,model_2_0,nested_full,cat73,748
73,model_2_0,nested_full,cat74,117
74,model_2_0,nested_full,cat75,762
75,model_2_0,nested_full,cat76,336
76,model_2_0,nested_full,cat77,71
77,model_2_0,nested_full,cat78,116
78,model_2_0,nested_full,cat79,1310
79,model_2_0,nested_full,cat80,1509
80,model_2_0,nested_full,cat81,1903
81,model_2_0,nested_full,cat82,1112
82,model_2_0,nested_full,cat83,1011
83,model_2_0,nested_full,cat84,1013
84,model_2_0,nested_full,cat85,125
85,model_2_0,nested_full,cat86,361
86,model_2_0,nested_full,cat87,1356
87,model_2_0,nested_full,cat88,150
88,model_2_0,nested_full,cat89,160
89,model_2_0,nested_full,cat90,231
90,model_2_0,nested_full,cat91,1630
91,model_2_0,nested_full,cat92,374
92,model_2_0,nested_full,cat93,500
93,model_2_0,nested_full,cat94,450
94,model_2_0,nested_full,cat95,214
95,model_2_0,nested_full,cat96,58
96,model_2_0,nested_full,cat97,564
97,model_2_0,nested_full,cat98,160
98,model_2_0,nested_full,cat99,1360
99,model_2_0,nested_full,cat100,7314
100,model_2_0,nested_full,cat101,6057
101,model_2_0,nested_full,cat102,359
102,model_2_0,nested_full,cat103,2270
103,model_2_0,nested_full,cat104,2596
104,model_2_0,nested_full,cat105,1760
105,model_2_0,nested_full,cat106,3200
106,model_2_0,nested_full,cat107,4611
107,model_2_0,nested_full,cat108,2666
108,model_2_0,nested_full,cat109,1505
109,model_2_0,nested_full,cat110,9478
110,model_2_0,nested_full,cat111,2090
111,model_2_0,nested_full,cat112,13564
112,model_2_0,nested_full,cat113,11268
113,model_2_0,nested_full,cat114,2649
114,model_2_0,nested_full,cat115,4845
115,model_2_0,nested_full,cat116,14828
116,model_2_0,nested_full,cont1,4800
117,model_2_0,nested_full,cont2,5380
118,model_2_0,nested_full,cont3,4231
119,model_2_0,nested_full,cont4,3825
120,model_2_0,nested_full,cont5,4643
121,model_2_0,nested_full,cont6,5515
122,model_2_0,nested_full,cont7,7418
123,model_2_0,nested_full,cont8,4993
124,model_2_0,nested_full,cont9,3720
125,model_2_0,nested_full,cont10,3901
126,model_2_0,nested_full,cont11,4282
127,model_2_0,nested_full,cont12,3846
128,model_2_0,nested_full,cont13,4857
129,model_2_0,nested_full,cont14,10384
0,model_2_1,nested_full,cat1,1133
1,model_2_1,nested_full,cat2,1024
2,model_2_1,nested_full,cat3,467
3,model_2_1,nested_full,cat4,1015
4,model_2_1,nested_full,cat5,842
5,model_2_1,nested_full,cat6,738
6,model_2_1,nested_full,cat7,414
7,model_2_1,nested_full,cat8,568
8,model_2_1,nested_full,cat9,999
9,model_2_1,nested_full,cat10,758
10,model_2_1,nested_full,cat11,571
11,model_2_1,nested_full,cat12,854
12,model_2_1,nested_full,cat13,703
13,model_2_1,nested_full,cat14,103
14,model_2_1,nested_full,cat15,0
15,model_2_1,nested_full,cat16,300
16,model_2_1,nested_full,cat17,129
17,model_2_1,nested_full,cat18,63
18,model_2_1,nested_full,cat19,70
19,model_2_1,nested_full,cat20,2
20,model_2_1,nested_full,cat21,112
21,model_2_1,nested_full,cat22,27
22,model_2_1,nested_full,cat23,825
23,model_2_1,nested_full,cat24,419
24,model_2_1,nested_full,cat25,663
25,model_2_1,nested_full,cat26,576
26,model_2_1,nested_full,cat27,624
27,model_2_1,nested_full,cat28,413
28,model_2_1,nested_full,cat29,314
29,model_2_1,nested_full,cat30,391
30,model_2_1,nested_full,cat31,358
31,model_2_1,nested_full,cat32,107
32,model_2_1,nested_full,cat33,90
33,model_2_1,nested_full,cat34,41
34,model_2_1,nested_full,cat35,22
35,model_2_1,nested_full,cat36,1027
36,model_2_1,nested_full,cat37,877
37,model_2_1,nested_full,cat38,894
38,model_2_1,nested_full,cat39,573
39,model_2_1,nested_full,cat40,762
40,model_2_1,nested_full,cat41,756
41,model_2_1,nested_full,cat42,187
42,model_2_1,nested_full,cat43,719
43,model_2_1,nested_full,cat44,814
44,model_2_1,nested_full,cat45,512
45,model_2_1,nested_full,cat46,105
46,model_2_1,nested_full,cat47,34
47,model_2_1,nested_full,cat48,22
48,model_2_1,nested_full,cat49,344
49,model_2_1,nested_full,cat50,681
50,model_2_1,nested_full,cat51,102
51,model_2_1,nested_full,cat52,368
52,model_2_1,nested_full,cat53,646
53,model_2_1,nested_full,cat54,225
54,model_2_1,nested_full,cat55,35
55,model_2_1,nested_full,cat56,7
56,model_2_1,nested_full,cat57,488
57,model_2_1,nested_full,cat58,18
58,model_2_1,nested_full,cat59,18
59,model_2_1,nested_full,cat60,24
60,model_2_1,nested_full,cat61,156
61,model_2_1,nested_full,cat62,0
62,model_2_1,nested_full,cat63,8
63,model_2_1,nested_full,cat64,0
64,model_2_1,nested_full,cat65,204
65,model_2_1,nested_full,cat66,439
66,model_2_1,nested_full,cat67,106
67,model_2_1,nested_full,cat68,30
68,model_2_1,nested_full,cat69,63
69,model_2_1,nested_full,cat70,0
70,model_2_1,nested_full,cat71,139
71,model_2_1,nested_full,cat72,1624
72,model_2_1,nested_full,cat73,971
73,model_2_1,nested_full,cat74,261
74,model_2_1,nested_full,cat75,898
75,model_2_1,nested_full,cat76,572
76,model_2_1,nested_full,cat77,127
77,model_2_1,nested_full,cat78,143
78,model_2_1,nested_full,cat79,1780
79,model_2_1,nested_full,cat80,1731
80,model_2_1,nested_full,cat81,2216
81,model_2_1,nested_full,cat82,792
82,model_2_1,nested_full,cat83,775
83,model_2_1,nested_full,cat84,1396
84,model_2_1,nested_full,cat85,172
85,model_2_1,nested_full,cat86,425
86,model_2_1,nested_full,cat87,1679
87,model_2_1,nested_full,cat88,218
88,model_2_1,nested_full,cat89,107
89,model_2_1,nested_full,cat90,175
90,model_2_1,nested_full,cat91,1264
91,model_2_1,nested_full,cat92,286
92,model_2_1,nested_full,cat93,557
93,model_2_1,nested_full,cat94,314
94,model_2_1,nested_full,cat95,165
95,model_2_1,nested_full,cat96,20
96,model_2_1,nested_full,cat97,384
97,model_2_1,nested_full,cat98,114
98,model_2_1,nested_full,cat99,1012
99,model_2_1,nested_full,cat100,5994
100,model_2_1,nested_full,cat101,4687
101,model_2_1,nested_full,cat102,247
102,model_2_1,nested_full,cat103,2118
103,model_2_1,nested_full,cat104,1906
104,model_2_1,nested_full,cat105,1467
105,model_2_1,nested_full,cat106,2339
106,model_2_1,nested_full,cat107,3336
107,model_2_1,nested_full,cat108,2110
108,model_2_1,nested_full,cat109,1147
109,model_2_1,nested_full,cat110,9003
110,model_2_1,nested_full,cat111,1638
111,model_2_1,nested_full,cat112,12712
112,model_2_1,nested_full,cat113,10098
113,model_2_1,nested_full,cat114,1926
114,model_2_1,nested_full,cat115,3882
115,model_2_1,nested_full,cat116,14249
116,model_2_1,nested_full,cont1,5647
117,model_2_1,nested_full,cont2,6046
118,model_2_1,nested_full,cont3,5582
119,model_2_1,nested_full,cont4,4313
120,model_2_1,nested_full,cont5,5012
121,model_2_1,nested_full,cont6,6396
122,model_2_1,nested_full,cont7,8661
123,model_2_1,nested_full,cont8,5986
124,model_2_1,nested_full,cont9,4561
125,model_2_1,nested_full,cont10,4571
126,model_2_1,nested_full,cont11,5508
127,model_2_1,nested_full,cont12,4413
128,model_2_1,nested_full,cont13,6235
129,model_2_1,nested_full,cont14,12224
0,model_2_2,nested_full,cat1,501
1,model_2_2,nested_full,cat2,529
2,model_2_2,nested_full,cat3,216
3,model_2_2,nested_full,cat4,445
4,model_2_2,nested_full,cat5,450
5,model_2_2,nested_full,cat6,354
6,model_2_2,nested_full,cat7,160
7,model_2_2,nested_full,cat8,194
8,model_2_2,nested_full,cat9,417
9,model_2_2,nested_full,cat10,259
10,model_2_2,nested_full,cat11,285
11,model_2_2,nested_full,cat12,430
12,model_2_2,nested_full,cat13,310
13,model_2_2,nested_full,cat14,55
14,model_2_2,nested_full,cat15,0
15,model_2_2,nested_full,cat16,114
16,model_2_2,nested_full,cat17,27
17,model_2_2,nested_full,cat18,21
18,model_2_2,nested_full,cat19,50
19,model_2_2,nested_full,cat20,0
20,model_2_2,nested_full,cat21,88
21,model_2_2,nested_full,cat22,44
22,model_2_2,nested_full,cat23,352
23,model_2_2,nested_full,cat24,234
24,model_2_2,nested_full,cat25,370
25,model_2_2,nested_full,cat26,324
26,model_2_2,nested_full,cat27,355
27,model_2_2,nested_full,cat28,145
28,model_2_2,nested_full,cat29,133
29,model_2_2,nested_full,cat30,96
30,model_2_2,nested_full,cat31,324
31,model_2_2,nested_full,cat32,63
32,model_2_2,nested_full,cat33,21
33,model_2_2,nested_full,cat34,17
34,model_2_2,nested_full,cat35,18
35,model_2_2,nested_full,cat36,402
36,model_2_2,nested_full,cat37,402
37,model_2_2,nested_full,cat38,377
38,model_2_2,nested_full,cat39,252
39,model_2_2,nested_full,cat40,151
40,model_2_2,nested_full,cat41,269
41,model_2_2,nested_full,cat42,101
42,model_2_2,nested_full,cat43,84
43,model_2_2,nested_full,cat44,368
44,model_2_2,nested_full,cat45,114
45,model_2_2,nested_full,cat46,25
46,model_2_2,nested_full,cat47,26
47,model_2_2,nested_full,cat48,35
48,model_2_2,nested_full,cat49,220
49,model_2_2,nested_full,cat50,334
50,model_2_2,nested_full,cat51,92
51,model_2_2,nested_full,cat52,203
52,model_2_2,nested_full,cat53,377
53,model_2_2,nested_full,cat54,255
54,model_2_2,nested_full,cat55,29
55,model_2_2,nested_full,cat56,2
56,model_2_2,nested_full,cat57,256
57,model_2_2,nested_full,cat58,3
58,model_2_2,nested_full,cat59,10
59,model_2_2,nested_full,cat60,63
60,model_2_2,nested_full,cat61,89
61,model_2_2,nested_full,cat62,0
62,model_2_2,nested_full,cat63,16
63,model_2_2,nested_full,cat64,0
64,model_2_2,nested_full,cat65,86
65,model_2_2,nested_full,cat66,122
66,model_2_2,nested_full,cat67,66
67,model_2_2,nested_full,cat68,8
68,model_2_2,nested_full,cat69,9
69,model_2_2,nested_full,cat70,0
70,model_2_2,nested_full,cat71,48
71,model_2_2,nested_full,cat72,675
72,model_2_2,nested_full,cat73,458
73,model_2_2,nested_full,cat74,64
74,model_2_2,nested_full,cat75,400
75,model_2_2,nested_full,cat76,261
76,model_2_2,nested_full,cat77,111
77,model_2_2,nested_full,cat78,82
78,model_2_2,nested_full,cat79,828
79,model_2_2,nested_full,cat80,819
80,model_2_2,nested_full,cat81,974
81,model_2_2,nested_full,cat82,439
82,model_2_2,nested_full,cat83,329
83,model_2_2,nested_full,cat84,578
84,model_2_2,nested_full,cat85,88
85,model_2_2,nested_full,cat86,165
86,model_2_2,nested_full,cat87,772
87,model_2_2,nested_full,cat88,86
88,model_2_2,nested_full,cat89,76
89,model_2_2,nested_full,cat90,132
90,model_2_2,nested_full,cat91,616
91,model_2_2,nested_full,cat92,131
92,model_2_2,nested_full,cat93,189
93,model_2_2,nested_full,cat94,176
94,model_2_2,nested_full,cat95,84
95,model_2_2,nested_full,cat96,24
96,model_2_2,nested_full,cat97,199
97,model_2_2,nested_full,cat98,68
98,model_2_2,nested_full,cat99,470
99,model_2_2,nested_full,cat100,3141
100,model_2_2,nested_full,cat101,2085
101,model_2_2,nested_full,cat102,109
102,model_2_2,nested_full,cat103,880
103,model_2_2,nested_full,cat104,824
104,model_2_2,nested_full,cat105,640
105,model_2_2,nested_full,cat106,1076
106,model_2_2,nested_full,cat107,1596
107,model_2_2,nested_full,cat108,1060
108,model_2_2,nested_full,cat109,490
109,model_2_2,nested_full,cat110,4019
110,model_2_2,nested_full,cat111,1078
111,model_2_2,nested_full,cat112,6190
112,model_2_2,nested_full,cat113,4893
113,model_2_2,nested_full,cat114,1196
114,model_2_2,nested_full,cat115,1679
115,model_2_2,nested_full,cat116,7750
116,model_2_2,nested_full,cont1,2322
117,model_2_2,nested_full,cont2,2763
118,model_2_2,nested_full,cont3,2261
119,model_2_2,nested_full,cont4,1840
120,model_2_2,nested_full,cont5,2122
121,model_2_2,nested_full,cont6,2494
122,model_2_2,nested_full,cont7,3576
123,model_2_2,nested_full,cont8,2494
124,model_2_2,nested_full,cont9,1921
125,model_2_2,nested_full,cont10,1982
126,model_2_2,nested_full,cont11,2085
127,model_2_2,nested_full,cont12,2057
128,model_2_2,nested_full,cont13,2453
129,model_2_2,nested_full,cont14,4795
